{
  "feature_mean": [
    1.406910418905978,
    -1.210058657901284,
    0.40819310219188365,
    0.8513726606424545,
    -0.12527264816498673,
    -0.27735041182508274,
    1.524260888648697,
    -0.6186561072688332,
    0.003882889951377816,
    -1.2193382934699544,
    0.46527808688179534,
    -1.2148427186704136,
    0.755394892454545,
    0.47853650768660716,
    -0.8860866973582776,
    1.0763075006924492,
    -0.5258295730615946,
    0.004615683127233934,
    0.17959972879097516,
    -0.5157478111336206,
    -0.564760761481927,
    -0.7297485848153094,
    -0.0777921641691003,
    0.7998263343450323,
    0.013601286963013368,
    -0.08331480815585945,
    0.1342347393741048,
    -0.06546183730303624,
    -0.24856300593897382,
    0.4986747066581215,
    0.09317592566594471,
    -0.33974287202224285
  ],
  "feature_std": [
    0.4601623275377659,
    0.5517048440590718,
    0.1567413803169293,
    0.23628251531339245,
    0.28344937570544787,
    0.2435491522417852,
    0.4377065171288254,
    0.29245208738987005,
    0.1928547786210591,
    0.5287160223033571,
    0.20124716314449628,
    0.4679382900799906,
    0.8487465449821011,
    0.8387012365300727,
    0.6225725757947562,
    0.6491064515177138,
    0.7247262611270915,
    0.7753863831222687,
    0.9173514131726634,
    0.6867460799560798,
    0.8214050069879144,
    0.738459970057743,
    0.8278890999874303,
    0.7590972444884385,
    1.127797710004449,
    0.9587646113415641,
    0.9474121814231229,
    0.9302200000131934,
    0.990551615742439,
    0.8823765562376193,
    0.8152566309226471,
    1.058391297623641
  ],
  "target_mean": [
    -0.16622966499419928,
    -0.055988122297525984
  ],
  "target_std": [
    0.8570684287945303,
    1.1272131229400726
  ]
}